<?xml version="1.0" encoding="utf-8"?>
<resources>
    <string name="Hello">Hello World, Click Me!</string>
  <string name="Book1">
    Ani FaNelli is the woman you love to hate. The woman who has it all. But behind the meticulously crafted façade lies the darkest and most violent of pasts . . .

    When a documentary producer invites Ani to tell her side of the chilling and violent incident that took place when she was a teenager, she hopes it will be an opportunity to prove how far she's come since then. She'll even let the production company film her wedding to the wealthy Luke Harrison, the final step in her transformation.

    But as the wedding and filming converge, Ani's immaculate façade begins to crack, and she soon realises that there's always a price to pay for perfection.
  </string>
  <string name="Book2">
    The stunning film tie-in edition of Paper Towns, from the award-winning author of Looking for Alaska and The Fault in Our Stars.
    Quentin Jacobsen - Q to his friends - is eighteen and has always loved the edgy Margo Roth Spiegelman. As children, they'd discovered a dead body together. Now at high school, Q's nerdy while Margo is uber-cool. One night, Q is basking in the predictable boringness of his life when Margo, dressed as a ninja, persuades him to partake in several hours of mayhem. then she vanishes.
    While her family shrugs off this latest disappearance, Q follows Margo's string of elaborate clues - including a poem about death. Q's friends Radar, Ben and Lacey help with the search, and a post turns up on a website: Margo will be in a certain location for the next 24 hours only. the race is on! After an epic drive through the night, they catch up with Margo, and Q learns first-hand that the way you think about a person isn't the way they actually are.

  </string>
  <string name ="Book3">
    In the brief golden years of King Edward VII's reign, Rosie McCosh and her three sisters are growing up in an idyllic and eccentric household in Kent, with their 'pals' the Pitt boys on one side of the fence and the Pendennis boys on the other. But their days of childhood innocence and adventure are destined to be followed by the apocalypse that will overwhelm their world as they come to adulthood.
    For Rosie, the path ahead is full of challenges: torn between her love for two young men, her sense of duty and her will to live her life to the full, she has to navigate her way through extraordinary times. Can she, and her sisters, build new lives out of the opportunities and devastations that follow the Great War?
    Louis de Berni res' magnificent and moving novel follows the lives of an unforgettable cast of characters as the Edwardian age disintegrates into the Great War, and they strike out to seek what happiness can be salvaged from the ruins of the old world.

  </string>
  <string name ="Book4">
    Live lean, not mean!

    Want to put your money on a diet and save hundreds of dollars?
    This book gives you the lowdown on spring-cleaning your finances so you can be frugal while still living well.
    Jody Allen, of Stay at Home Mum fame, will help you set up your household budget, get the best deals, and save money on everything from your car to your clothes.
    And with over 50 thrifty - but fabulous - recipes, you can be a cost cutter in the kitchen as well!
    Inside you'll find:
    - A room-by-room guide to household economy
    - Hints and tips for getting organised
    - Ideas for turning leftovers into delicious family meals
    - Inspring stories from other savvy mums
    - Get sorted and start saving!

  </string>
  <string name ="Book5">
    In the last 100 years, we've become fatter and sicker with millions of people developing serious diseases from diabetes to cancer. Health gurus confuse us with complex diets and expensive ingredients; food manufacturers load their products with addictive and destructive ingredients causing our increasing weight and declining health. But help is at hand. Health and consumer advocate David Gillespie shares the simple secret of weight loss and wellbeing: swap processed food for REAL FOOD.

    Eat Real Food features:
    An explanation of why diets don't work and provides a focus on what does;
    Information on how to lose weight permanently, not just in the short-term;
    Evidence-based science explaining the real culprits of ill health and weight gain;
    Advice on how to read food labels;
    Easy recipes to replace common processed items and meal plans that show how simple it is to shop, plan and cook Real Food;
    Tips for lunchboxes, parties, and recipes for food kids actually like.

    Eat Real Food is the safe, effective and cheap solution to lose weight and improve our health permanently.

  </string>
    <string name="ApplicationName">App1</string>
</resources>
